Word;Occurences;Themes
your;306637;passion
like;216523;happiness
know;210534;confidence
with;181516;
just;178668;
what;178660;confusion
this;176311;
when;155955;
they;122081;
down;116168;sadness pain
yeah;114642;happiness
baby;113638;happiness serenity hope
time;102508;serenity hope
there;102161;
never;100737;
want;95914;
cause;90615;confusion
make;90106;
come;89044;
back;86199;
wanna;84777;
take;82813;
have;81810;
from;80266;
will;78494;hope
girl;72342;passion
gonna;70327;
feel;69965;passion
here;69166;
right;68545;
need;66655;
life;65333;hope
tell;62120;
away;59255;
been;57359;
could;56719;hope
more;55144;
give;54221;
where;54077;confusion
night;53967;passion
heart;53548;happiness serenity hope love
about;51978;confusion
think;50144;
keep;49880;hope
world;49610;
good;48173;happiness
only;47201;confidence
some;46873;
then;46870;
chorus;44269;passion
through;42924;
them;42748;
look;42663;passion
around;42234;
over;42204;
still;41977;hope
little;41825;
said;41790;
again;40507;
gotta;39535;
every;38497;
well;36857;
eyes;36543;passion
mind;36528;happiness sadness
would;36412;
nigga;35600;
nothing;35186;
ever;34914;confidence
better;34899;happiness confidence
always;34700;serenity hope
long;34385;
home;33407;happiness hope love
homeless;33407;fear pain
find;33360;hope happiness sadness
shit;32846;pain anger
tonight;31719;serenity
these;31552;
stop;31109;confidence
everything;30799;confidence
hold;30559;confidence
really;30408;
were;30378;
things;30312;
money;29574;confidence passion happiness
something;29355;confusion
turn;29176;
gone;28688;sadness pain
call;28672;
fuck;28505;pain anger
even;28429;
than;27867;
show;27829;
hear;27723;
leave;27538;pain
thing;27478;
into;27270;
live;27199;hope
head;27019;passion
much;26898;
stay;26342;pain
before;26236;
believe;26232;hope
hard;26156;sadness pain
going;25868;hope
alone;24758;sadness
bitch;24625;sadness pain
light;24445;hope serenity
real;24301;
face;24165;
another;23849;
made;23706;
should;23221;
inside;22884;
people;22192;
fall;21963;pain sadness
left;21739;sadness pain
play;21651;happiness passion
last;21615;sadness
same;21421;
break;21246;pain sadness
high;20935;confidence
please;20517;love hope
without;20365;
everybody;19891;confidence
niggas;19757;
wrong;19668;sadness pain
feeling;19655;passion
dance;19590;happiness passion
name;19563;
place;19414;
rock;19360;passion
change;19327;
hands;19232;passion hope
body;19042;passion
mine;18988;
walk;18946;serenity
free;18469;happiness serenity hope
lost;18216;confusion fear
done;18126;confidence
talk;18111;
enough;17999;sadness pain
crazy;17656;passion madness
hand;17486;passion hope
looking;17336;passion
care;17305;love passion
thought;17273;confusion
myself;17218;confidence
coming;17131;hope
fire;17097;passion love
while;17010;hope
verse;16864;
side;16849;
work;16821;
other;16709;
bring;16704;
wait;16685;
best;16677;happiness
move;16670;passion
watch;16492;passion
dream;16413;serenity hope
girls;16376;passion love
maybe;16335;confusion
forever;16265;serenity love
someone;16091;confusion
game;15936;pain passion
true;15882;confidence
song;15840;confidence happiness sadness
told;15805;confidence
nobody;15791;pain
wish;15655;hope
bout;15556;
energized;1;passion anger
remember;15521;passion happiness sadness
pain;15458;sadness
start;15439;hope
together;15395;love passion hope
ready;15354;confidence
till;15310;
their;15269;
waiting;15140;confusion
young;15051;hope
didn;15018;
round;14988;
stand;14928;confidence
first;14890;
came;14888;
soul;14818;serenity passion hope
might;14756;confusion
black;14680;sadness fear
ride;14644;passion
beat;14590;love passion pain anger
because;14476;confusion
kiss;14367;passion love
hope;14362;hope serenity
getting;14259;
mean;14256;confusion
alright;14119;serenity
used;14020;pain
words;13919;confusion
party;13841;passion happiness
comes;13797;
close;13791;passion
days;13738;serenity
must;13594;passion confidence
fight;13564;sadness pain confidence
touch;13510;passion
trying;13384;pain hope
many;13369;confidence
lose;13344;sadness pain
cold;13299;pain sadness
roll;13286;passion
friends;13109;serenity happiness
found;13104;
times;13036;
those;13003;
help;12989;sadness pain hope
rain;12846;sadness
sweet;12842;happiness love hope
somebody;12687;
knew;12686;
dreams;12649;serenity hope
seen;12630;passion
living;12439;hope
sing;12400;passion happiness sadness
door;12300;
goes;12089;
yourself;12088;
hate;12073;pain anger 
music;12051;happiness passion
until;12051;
matter;11993;
friend;11928;serenity happiness love
else;11921;
open;11838;
shake;11827;confusion happiness passion
whole;11790;hope happiness serenity
forget;11734;sadness
makes;11628;
after;11584;
took;11567;
town;11507;
today;11338;
dead;11309;sadness pain
once;11240;confusion sadness
though;11207;confusion
sometimes;11205;confusion
city;11186;
damn;11110;pain passion anger
line;11064;
hell;11040;sadness pain
anything;11020;
blue;10845;hope happiness
feels;10838;passion
next;10837;
lonely;10737;sadness pain
alive;10732;hope
miss;10709;sadness pain
understand;10689;confidence
heard;10657;sadness
beautiful;10643;happiness hope love passion
lights;10591;hope
sure;10578;confidence hope
behind;10564;confusion
knows;10551;confidence
sleep;10521;serenity
running;10435;sadness pain
floor;10418;passion
dark;10401;sadness pain confusion
smile;10370;happiness hope love
listen;10338;passion
under;10324;
guess;10298;confusion
hurt;10247;sadness pain
deep;10124;confidence confusion
late;10068;pain
morning;10064;
easy;10052;confidence
truth;9993;serenity hope confidence
drop;9949;passion pain confusion
sound;9830;
falling;9815;passion pain
boys;9777;passion love
chance;9711;hope serenity
save;9671;hope serenity
happy;9601;happiness hope love
wake;9598;
goodbye;9516;sadness pain
house;9514;serenity
pretty;9464;love hope
throw;9454;pain
fine;9412;serenity happiness
wanted;9409;
white;9362;hope
tears;9348;pain sadness
shine;9300;serenity hope
ground;9274;pain
thinking;9273;hope
broken;9243;sadness pain
slow;9231;
woman;9197;passion love
kill;9046;passion pain sadness fear
bitches;9038;passion pain
club;9029;passion
couldn;9019;
road;8977;
talking;8939;
goin;8918;
room;8918;
mama;8895;passion love
hide;8872;confusion
whoa;8857;happiness
went;8840;
kind;8795;
lies;8786;pain sadness
stars;8767;hope passion
burn;8754;pain
doing;8743;
pull;8711;
control;8638;pain
street;8630;
babe;8563;passion love
gave;8532;
feet;8365;passion
blow;8343;pain anger
since;8324;
reason;8276;confusion
full;8261;
word;8237;
heaven;8224;hope love
blood;8183;passion pain
making;8169;
tried;8159;hope
fast;8135;passion
strong;8107;confidence hope
hook;8083;
wonder;8005;happiness serenity hope
seems;7999;
lord;7997;serenity
part;7991;
does;7979;
step;7979;hope
gettin;7948;
years;7933;
niggaz;7921;
along;7876;
cool;7852;happiness
star;7812;passion love
straight;7785;confidence
fool;7734;madness
arms;7712;passion
dont;7704;
everyone;7642;confidence
lookin;7637;passion
doesn;7579;
catch;7546;
sorry;7477;pain
each;7474;
tomorrow;7471;hope
wild;7468;
meet;7416;
anymore;7401;pain
tryin;7383;
soon;7382;hope
three;7347;
fuckin;7300;pain anger
such;7269;
born;7261;hope happiness
moment;7224;sadness happiness
whatever;7202;
fear;7199;fear pain
past;7131;sadness happiness
hair;7117;passion
follow;7092;
aint;7076;
honey;7075;hope love
gets;7060;
drink;7051;passion happiness
taking;7015;
being;7002;hope
dirty;6984;pain anger
wind;6969;confusion
phone;6932;
nothin;6906;
wouldn;6847;
both;6824;
apart;6818;pain sadness
water;6808;
streets;6806;
loving;6796;love hope
standing;6794;confidence
shot;6783;pain fear
saying;6769;
breathe;6748;passion
bang;6689;
very;6668;
christmas;6623;serenity hope
tired;6621;
afraid;6620;fear
king;6614;hope
trust;6587;confidence
felt;6543;confusion
tryna;6508;
between;6488;
daddy;6488;passion love
comin;6484;hope
different;6477;
takes;6472;
sick;6467;pain anger
check;6463;
rest;6439;
talkin;6430;
already;6427;
fucking;6421;pain anger
mother;6405;serenity love
learn;6396;confidence
caught;6354;pain
started;6341;hope
calling;6318;
walking;6313;serenity
perfect;6299;love hope confidence
moon;6238;
says;6233;
wall;6231;sadness
loved;6228;love happiness hope
drive;6224;
repeat;6217;
wants;6203;passion
tight;6202;confusion passion
summer;6148;passion love happiness
front;6125;
jump;6109;
feelin;6049;passion love
mouth;6024;passion
lady;6001;passion love
okay;5987;
breath;5978;love 
child;5978;love 
promise;5967;confidence hope
death;5923;sadness pain
gold;5912;hope happiness
pick;5888;
above;5879;
seem;5857;confusion
smoke;5849;
boom;5835;happiness
hoes;5825;passion
woah;5811;happiness
burning;5799;passion
dancing;5789;passion happiness
holding;5690;hope confidence
yours;5689;
hello;5679;hope
wasn;5670;
broke;5614;sadness pain
lips;5582;passion
nice;5579;hope
hearts;5568;love passion
half;5547;
scared;5546;fear pain
peace;5533;serenity happiness
speak;5524;
singing;5499;passion
worth;5493;
power;5468;confidence
blame;5454;pain anger
kids;5437;serenity hope
swear;5419;confidence
hood;5409;
spend;5405;
number;5400;
pass;5386;hope
loud;5383;passion love
million;5350;hope
playing;5342;pain love passion
voice;5340;passion
most;5328;
skin;5314;passion love
minute;5307;
clear;5286;confidence
taste;5279;passion love
doin;5277;
reach;5268;serenity hope
turned;5268;
somewhere;5222;
year;5222;
blind;5216;love hope
lover;5215;love happiness hope
upon;5196;
outside;5165;
giving;5160;
push;5128;
bright;5121;serenity hope
story;5109;
scream;5104;pain anger fear
meant;5072;hope
angel;5045;serenity hope
pussy;5030;passion
watching;5015;
land;5012;
ring;5008;
everyday;4956;serenity
ones;4947;
worry;4936;confusion love
lives;4900;hope
four;4887;
send;4884;
flow;4882;hope
nights;4873;passion
pray;4866;serenity hope
future;4849;hope
nowhere;4839;confusion
rise;4820;hope
higher;4813;hope
trouble;4807;sadness fear
carry;4800;passion love
keeps;4761;
moving;4759;
dick;4738;passion
second;4736;
knees;4730;passion
fade;4703;confusion
earth;4697;hope
livin;4681;
finally;4680;
breaking;4678;sadness pain
school;4677;confidence
bridge;4665;hope
leaving;4656;sadness
runnin;4637;fear hope
known;4634;confidence
picture;4622;hope happiness sadness
fell;4609;pain
everywhere;4604;confidence
gimme;4587;
great;4563;happiness hope
called;4542;love
empty;4534;
ladies;4534;passion love
grow;4516;hope
space;4507;hope
thank;4500;
kick;4498;passion
block;4489;
somethin;4485;confusion
across;4475;
telling;4472;
closer;4471;passion love
crying;4470;pain sadness
stuck;4448;sadness
five;4440;
losing;4425;sadness
tear;4406;pain sadness
shawty;4392;love passion
shut;4374;
read;4370;
loves;4358;happiness love passion
belong;4356;passion
looks;4354;passion
sexy;4352;passion love
faith;4341;hope
green;4339;hope
style;4323;serenity
clothes;4309;
ways;4308;hope
lead;4299;confidence
ball;4287;
outta;4274;
cash;4272;happiness
shoot;4263;pain sadness fear
rich;4233;hope serenity happiness
cannot;4217;
dear;4214;love
against;4209;pain anger
hang;4207;passion hope
river;4181;
thats;4166;
rather;4150;
changed;4149;confusion
anyone;4139;confusion
middle;4138;
thousand;4137;
heat;4129;passion
waste;4112;
brain;4091;confidence confusion
lovin;4086;happiness love hope
children;4074;serenity hope
thinkin;4062;hope
laugh;4038;happiness
brother;4037;serenity hope love
paper;4029;
train;4029;
radio;4010;
window;4006;hope
oooh;4001;happiness
shout;3995;pain sadness happiness
father;3994;love passion
single;3991;
devil;3986;sadness madness
ahead;3984;
needs;3947;love pain
mess;3944;pain anger
family;3935;serenity hope
dreaming;3892;serenity hope
darling;3874;love passion
turning;3874;happiness confusion
knock;3861;passion
hundred;3859;
sign;3856;passion hope
near;3852;passion
women;3851;love serenity
treat;3838;serenity
shame;3837;sadness fear
shoes;3836;
simple;3816;
wear;3809;
magic;3802;happiness love hope
pretend;3802;confusion
less;3793;
doubt;3781;confusion
which;3780;
cant;3773;
sayin;3769;
hurts;3766;pain
walls;3764;sadness
missing;3736;sadness
piece;3725;serenity hope love
kinda;3719;
means;3713;hope
stick;3711;
point;3687;
fake;3685;sadness anger
lyrics;3683;
dying;3682;sadness fear anger
queen;3678;love
feelings;3669;passion happiness sadness confusion
wide;3669;hope
yesterday;3669;
write;3657;confidence
lets;3649;
share;3646;love
miles;3628;
funny;3627;happiness confusion
cross;3622;
imma;3577;
mirror;3575;sadness happiness
strange;3575;confusion
track;3573;hope
anyway;3561;confidence
answer;3558;confusion
makin;3557;
fill;3555;love sadness happiness
safe;3548;serenity hope
shining;3528;hope
stupid;3520;anger
become;3515;hope
special;3493;passion love
wine;3484;happiness
someday;3477;hope
type;3475;confusion
count;3466;sadness
sight;3465;happiness passion
fresh;3462;
west;3458;
looked;3457;
working;3457;
freak;3452;madness
happen;3450;
walked;3440;serenity
glass;3434;happiness
anybody;3427;confidence
stone;3422;
memories;3419;sadness happiness
crowd;3402;
almost;3397;hope
warm;3395;passion love
brand;3377;
clean;3373;serenity
fucked;3372;anger pain
probably;3371;confidence
thoughts;3355;confusion
corner;3348;
lying;3332;pain sadness
killing;3331;sadness pain anger
crack;3329;pain
longer;3320;
rolling;3310;
deal;3309;confidence
couple;3284;love hope
problem;3279;pain sadness
welcome;3278;serenity love
somehow;3261;confusion
secret;3243;
sense;3236;passion
none;3233;
york;3216;
having;3207;
shots;3188;pain fear
chain;3187;fear sadness
hole;3184;sadness pain
sitting;3179;serenity
supposed;3179;confusion
choose;3170;confusion confidence
fighting;3167;anger passion pain
grab;3166;love
brown;3164;
heavy;3163;sadness confidence
clouds;3158;serenity sadness
double;3156;
ocean;3145;serenity
needed;3143;sadness
loose;3140;anger sadness
darkness;3138;sadness fear
insane;3120;passion
drunk;3119;confusion
bounce;3115;hope
diamonds;3113;hope love
quick;3112;
dope;3106;happiness pain
jesus;3106;serenity hope
bottle;3090;happiness
wings;3064;hope
small;3062;
spot;3060;
paid;3050;happiness
bust;3048;passion
super;3038;happiness
scene;3024;
within;3009;
freedom;2990;happiness hope
rockin;2986;
rollin;2983;
spit;2983;fear anger
motherfucker;2976;anger
whip;2975;pain
business;2973;happiness
self;2970;sadness
plan;2966;confidence
glad;2958;happiness confidence
bird;2947;hope love
raise;2947;hope
played;2946;happiness sadness
storm;2937;confusion anger
screaming;2934;sadness pain
chick;2933;passion
momma;2918;love
pride;2917;confidence happiness
silence;2897;pain
songs;2887;passion
blues;2886;
hanging;2884;
dress;2881;passion
neck;2880;passion
playin;2880;happiness passion
cars;2860;
snow;2848;
clock;2847;
survive;2846;hope fear
everytime;2841;
games;2837;happiness passion
fame;2822;hope confidence
begin;2816;hope
fact;2814;
forgive;2808;love
tree;2806;
sunshine;2805;happiness love hope
realize;2803;sadness
died;2802;pain sadness
edge;2802;
lucky;2797;happiness hope
instead;2791;
human;2785;serenity hope
homie;2779;love
angels;2775;serenity love
turns;2775;
hour;2774;confusion
harder;2767;pain
bottom;2765;sadness pain
poor;2763;sadness
whenever;2757;
learned;2749;confidence
kept;2747;
sleeping;2733;serenity
wave;2733;serenity
wayne;2732;
case;2725;
murder;2725;pain sadness
booty;2722;passion
dollar;2720;hope happiness
driving;2717;confidence
bought;2715;happiness
sell;2715;
steal;2715;sadness anger
memory;2712;pain sadness happiness
stronger;2712;confidence
figure;2707;
places;2703;
cover;2696;
twice;2696;
anywhere;2690;confidence love
dawn;2683;
tongue;2683;passion
wife;2679;happiness love passion
clap;2677;
awake;2671;
haven;2666;hope happiness serenity
movin;2665;happiness
weed;2664;
ends;2661;sadness
searching;2655;confusion hope
news;2646;hope
rules;2643;confidence
guns;2642;anger
shorty;2638;love
trip;2635;hope happiness
boss;2634;confidence
price;2632;confusion
dogg;2631;
starts;2630;hope
takin;2625;
thang;2621;
state;2611;
ghost;2607;confusion pain fear
rule;2607;confidence
held;2604;fear
slowly;2603;serenity
handle;2596;
bones;2595;
escape;2595;fear sadness hope
flying;2585;serenity hope love
weak;2585;anger pain madness
dumb;2579;anger pain madness
lines;2579;
later;2572;hope
intro;2570;
diamond;2568;
deserve;2564;love
bigger;2562;hope love
quit;2551;confidence
luck;2550;hope happiness
happened;2542;
quite;2536;
lock;2534;
wherever;2534;hope
evil;2533;sadness pain
sweat;2532;happiness love hope
dust;2530;
chest;2529;madness pain
least;2529;
pieces;2527;sadness
lovers;2525;happiness love hope
brought;2510;confusion
haters;2510;pain anger
shadows;2508;fear confusion
asked;2503;confusion
lift;2494;
mary;2494;happiness hope
gangsta;2493;anger
locked;2493;sadness
grown;2490;
html;2490;
spent;2487;
build;2486;hope
poppin;2483;pain
deny;2482;fear anger
hoping;2480;hope
bleed;2479;pain sadness
wont;2472;
walkin;2465;serenity
prove;2461;confidence
knowing;2454;
taken;2451;
favorite;2445;passion love
cake;2442;happiness
trees;2442;serenity
faces;2441;passion
sugar;2439;happiness love hope
yellow;2437;
question;2435;confusion
holy;2431;serenity hope
rhythm;2429;happiness
ghetto;2428;anger
dirt;2424;
nine;2424;
asking;2421;confusion
south;2415;
cried;2413;
paradise;2412;hope
bomb;2410;passion love pain
chains;2407;fear sadness
girlfriend;2407;passion love
slip;2407;
smell;2405;passion
band;2398;love
explain;2398;confidence confusion
beauty;2396;love passion
flame;2396;passion love
sister;2381;serenity love
shadow;2380;fear confusion
finger;2374;passion
winter;2370;passion
desire;2369;passion love
week;2368;sadness pain
riding;2365;
team;2364;happiness hope love
problems;2357;pain sadness
guitar;2356;happiness
beside;2350;love passion
guys;2347;love
naked;2346;passion anger
seven;2341;
wasted;2337;pain anger
fingers;2336;passion
beyond;2334;hope
moves;2334;passion
skies;2331;serenity hope
bass;2325;
crime;2318;pain anger
hours;2315;
movie;2315;serenity
stuff;2307;confusion
stare;2306;
snoop;2294;confusion
record;2292;
woke;2288;hope
tough;2285;pain sadness
chase;2284;pain fear
midnight;2283;
short;2280;
respect;2276;confidence
golden;2272;happiness passion
given;2271;
ridin;2268;happiness passion
attention;2266;love
beats;2254;love passion pain
mistakes;2246;confusion
bone;2241;
letting;2241;
grind;2231;pain
waitin;2231;confusion
holla;2230;happiness love
laughing;2228;happiness
solo;2222;fear sadness
breathing;2221;hope confidence
stranger;2218;confusion
view;2216;
silver;2201;
jack;2197;
switch;2196;
mistake;2194;pain anger sadness
sand;2193;sadness
minds;2185;confidence
country;2183;love hope
rush;2182;confusion
dare;2180;confidence
leaves;2178;sadness
race;2170;hope confidence
falls;2165;pain sadness
weight;2164;
seeing;2157;
proud;2155;confidence
shall;2155;confidence hope
paint;2153;
mountain;2143;hope
pack;2141;
feed;2130;happiness
sounds;2129;
sold;2127;
ohhh;2124;happiness
spin;2124;happiness confusion
strength;2121;confidence
underneath;2116;anger
fate;2114;serenity hope
imagine;2109;hope
crew;2108;love passion
spinning;2107;confusion
worst;2104;sadness pain
seat;2091;
stage;2089;
filled;2088;
zone;2088;
bottles;2084;happiness
twenty;2083;
gang;2081;anger
john;2081;
acting;2076;hope confidence
faster;2075;passion
rhyme;2075;passion happiness
beating;2069;happiness love passion pain anger
sunday;2069;happiness
book;2065;
plus;2064;
thug;2056;anger
speed;2052;
changing;2049;hope confidence
lick;2048;passion
early;2038;hope
fallin;2034;pain sadness
bite;2033;pain passion
flip;2033;
sittin;2029;
keeping;2027;
glory;2024;happiness passion
gucci;2024;happiness passion
staring;2016;confusion
tellin;2015;
santa;2013;
lately;2012;
shoulder;2006;passion
pocket;2004;
history;1999;
happens;1997;
mercy;1993;hope
keys;1990;hope
wondering;1989;confusion
thunder;1988;fear sadness anger
soft;1987;
chasing;1980;fear
fair;1978;confidence
wrote;1978;
candy;1976;happiness passion
written;1972;
machine;1969;
return;1969;
shouldn;1967;confusion
callin;1958;hope love
worse;1958;pain
sorrow;1956;sadness
jeans;1953;
pictures;1942;hope passion
bump;1939;pain
doctor;1939;pain
regret;1938;sadness pain
weather;1937;
drown;1936;pain
drug;1935;sadness pain
voices;1929;hope
disappear;1925;sadness
suck;1924;pain passion
legs;1921;passion
cent;1920;happiness
tall;1919;confidence
noise;1918; confusion
motherfuckin;1916;happiness
doors;1915;
spirit;1911;
class;1910;
sent;1909;
wonderful;1908;happiness love hope
climb;1907;confidence
drugs;1907;sadness pain
battle;1903;anger pain
hurry;1895;confusion
built;1892;hope
police;1892;
plans;1890;
amazing;1882;
growing;1880;hope
birds;1879;passion love
steady;1878;confidence
rose;1876;love passion
chill;1875;serenity happiness
drinking;1874;happiness
choice;1868;hope serenity
unless;1865;
slide;1861;
bend;1857;confusion fear
surrender;1857;serenity love
quiet;1856;fear
vision;1855;hope
lean;1853;sadness
dude;1841;love happiness
twist;1840;confusion happiness
forgot;1839;sadness
pressure;1838;fear passion
park;1836;
teach;1836;confidence passion
grace;1834;hope love
beneath;1831;sadness
rocks;1831;passion
pour;1830;madness
east;1828;
fears;1828;fear
cares;1821;love passion
message;1817;hope love
calls;1813;hope
listening;1812;
wash;1809;
asleep;1806;confusion
lived;1803;sadness
secrets;1802;fear confusion
brings;1799;hope love
remind;1798;passion love
bells;1795;happiness
california;1795;serenity happiness
dough;1795;happiness passion
crash;1793;madness pain
surprise;1793;happiness love passion
test;1793;
older;1791;confidence
beach;1790;serenity happiness
bound;1789;confusion
blowing;1786;anger pain
plane;1786;serenity hope
hiding;1783;fear
danger;1780;pain fear
anger;1;anger fear
below;1779;
wishing;1777;hope
america;1776;hope
highway;1776;
dangerous;1775;fear
givin;1775;hope
enemy;1773;pain fear
hollywood;1772;hope happiness passion
hustle;1772;fear anger
crib;1765;serenity
hungry;1765;passion confusion
either;1759;
fantasy;1758;serenity love hope
dancin;1756;
knife;1755;anger pain
deeper;1751;confusion
breaks;1749;sadness pain
distance;1744;sadness
others;1744;
building;1743;serenity hope
wheel;1743;
killed;1741;sadness pain
groove;1739;happiness
pimp;1739;passion
american;1737;
saved;1736;
closed;1732;
fallen;1732;sadness pain
swing;1732;happiness
nasty;1731;madness confusion passion
bullet;1730; pain
gives;1730;
pleasure;1730;happiness
hero;1729;love hope
hill;1729;hope
spell;1723;passion
pulled;1720;pain
starting;1720;hope
beginning;1717;hope
heads;1716;
chris;1715;
happiness;1714;happiness
bread;1710;happiness
grave;1710;sadness
flowers;1708;hope serenity
heal;1708;confidence hope serenity
poison;1705;pain fear
weekend;1705;happiness
teeth;1703;
glow;1700;serenity happiness
smokin;1699;
reality;1698;
whatcha;1698;
cops;1696;
merry;1693;serenity
bank;1691;
spread;1687;
signs;1684;
table;1683;
drama;1678;sadness anger
shows;1678;
laid;1673;passion confidence
click;1672;
exactly;1670;
fever;1670;passion love
kissed;1669;passion love
rough;1669;pain anger
missed;1668;pain sadness
busy;1666;
taught;1666;confidence
fault;1664;sadness
stood;1663;confidence
matters;1660;confusion
forth;1659;
ending;1657;
changes;1655;
whats;1652;
calm;1649;serenity
questions;1649;confusion
whisper;1649;serenity
rocking;1648;passion
watchin;1647;
coast;1645;serenity
flames;1642;passion
tied;1640;pain anger
kisses;1639;passion love
reasons;1639;
begun;1638;hope
misery;1635;pain sadness
smoking;1633;
trick;1633;pain
colors;1630;love passion
hits;1630;
trippin;1629;confusion happiness
waves;1629;serenity confusion
birthday;1627;happiness
eminem;1624;
actin;1622;passion
famous;1621;
passion;1617;passion
rising;1615;hope
roof;1613;
store;1613;
decide;1612;confidence
foot;1611;
burned;1610;madness pain
difference;1610;confusion
letter;1610;
soldier;1610;confidence
destiny;1608;serenity hope
dressed;1607;happiness
fading;1606;sadness
color;1601;hope passion
fools;1600;madness
flight;1599;serenity hope
silent;1594;
threw;1589;
level;1587;
pants;1583;
greatest;1580;hope
likes;1579;
silly;1574;madness
admit;1573;
crown;1572;
shirt;1572;
dollars;1571;
lovely;1571;love happiness hope
evening;1568;
trap;1561;sadness
judge;1560;
lane;1560;
waited;1559;
ooooh;1558;happiness
scars;1558;pain sadness
ballin;1556;confusion
cloud;1555;sadness
nose;1552;
animal;1551;
heartbeat;1550;
killer;1550;
wasting;1550;confusion
suddenly;1549;
tune;1547;
numb;1545;
action;1542;confidence
passing;1542;
confused;1536;confusion
passed;1536;
friday;1533;
bullshit;1532;anger
cryin;1532;pain sadness
path;1525;
drum;1524;sadness anger
saturday;1524;
ship;1524;
drag;1521;
workin;1513;
rings;1512;happiness passion
rhymes;1510;
search;1507;confidence
prayer;1505;hope
mark;1500;
jealous;1496;
monkey;1496;happiness
burns;1494;sadness pain
celebrate;1494;happiness
nicki;1494;
attack;1489;pain
final;1487;fear
notice;1487;confidence
pound;1486;
minutes;1482;
shines;1477;serenity happiness
shaking;1476;happiness
brothers;1475;serenity
grey;1473;sadness pain fear
cost;1469;pain
twisted;1469;
excuse;1468;serenity confidence
leavin;1464;sadness
champagne;1463;happiness
stole;1460;sadness
cheap;1458;
meaning;1457;
boat;1456;
motherfuckers;1455;
akon;1452;
bleeding;1452;
freaky;1446;fear confusion
person;1445;
crawl;1438;confidence
showed;1438;
darlin;1437;love happiness hope passion
smiling;1436;love happiness hope
sean;1435;
promises;1434;confidence hope
buck;1432;happiness
swallow;1431;
bill;1430;
wanting;1430;passion love
eight;1429;
romance;1429;love happiness hope
theres;1429;
begging;1428;
ourselves;1427;confidence
thin;1427;
nature;1426;
join;1425;
list;1425;
master;1423;confidence
cries;1422;pain sadness
funky;1421;happiness passion
liar;1420;pain sadness
yall;1419;
hush;1416;anger
bell;1414;
pump;1412;
wrist;1411;
raised;1410;hope
breeze;1408;serenity
ease;1407;confidence serenity
blowin;1406;pain anger
beef;1401;
louder;1398;
monster;1397;sadness pain fear
torn;1397;pain
company;1395;happiness
lifetime;1394;hope
food;1392;happiness passion
moonlight;1391;passion
dime;1388;
grass;1387;
church;1386;hope
thick;1386;confusion
boyfriend;1385;love passion
ugly;1384;pain anger madness
windows;1382;hope
page;1381;
motion;1380;
thru;1380;
wearing;1379;
bitter;1378;pain anger madness
album;1376;
blast;1375;pain confusion
swim;1375;confusion passion
remain;1372;
truck;1372;
common;1371;
veins;1371;
daughter;1365;love serenity
homies;1364;happiness love
london;1363;passion
mystery;1362;love confusion
beast;1361;fear
course;1360;
rappers;1360;passion
hotel;1358;passion
joke;1358;happiness
gift;1356;love
brave;1354;confidence
wrapped;1351;
jail;1346;pain
stopped;1346;
watched;1344;
answers;1342;
precious;1341;love
melody;1340;passion love
happening;1339;
limit;1339;
situation;1339;
wrap;1339;
honest;1336;confidence
horse;1335;
johnny;1335;
system;1335;
desert;1333;
grand;1330;
faded;1329;confusion
proof;1327;
sees;1325;confidence
bags;1324;
cruel;1322;sadness pain
grew;1319;hope
moved;1319;confusion
holdin;1317;
papa;1317;
anytime;1316;
punk;1313;
benz;1310;
kissing;1310;love passion
souls;1310;
hips;1309;passion
mike;1306;
endless;1304;fear sadness
pulling;1303;confusion pain
sail;1302;hope
serious;1302;confidence
ears;1301;
promised;1301;hope
bear;1300;confidence
bringing;1299;
dogs;1298;passion
cherry;1297;passion
barely;1296;
hangin;1296;serenity happiness
kitchen;1296;
mornin;1295;
runs;1295;
bury;1294;pain sadness
lied;1293;confusion
mood;1293;
guilty;1289;pain sadness
chicks;1286;passion
finish;1286;happiness pain
nation;1286;confidence
circle;1285;
flesh;1285;passion
michael;1283;
folks;1282;
swag;1282;
wheels;1282;
reaching;1281;confidence
goodnight;1280;happiness
spark;1280;hope
flash;1278;
grip;1276;fear
headed;1274;confidence
liquor;1274;passion
pure;1273;hope
force;1269;confidence
shady;1269;confusion
blows;1268;pain
haha;1268; happiness
shooting;1268;passion pain
outro;1266;
underground;1266;confusion
bless;1265;
roses;1264;love passion
stayed;1263;
bodies;1262;passion confusion
breakin;1262;pain
begins;1260;hope
impossible;1260;confusion pain
lightning;1259;hope
miracle;1259;happiness hope
expect;1257;sadness
burnin;1255;confusion pain passion
ceiling;1254;
shop;1254;
pushing;1253;
hallelujah;1251;serenity hope
counting;1249;
guide;1249;serenity
release;1248;happiness hope
thanks;1246;serenity
wise;1246;confidence
settle;1242;
forgotten;1240;confidence sadness
singin;1239;happiness passion
sippin;1239;serenity
cream;1238;happiness
mission;1236;confidence
thinks;1236;love
refr;1235;
tells;1235;
thrill;1235;passion
youth;1234;hope
throwing;1233;
shakin;1231;confusion
touched;1231;love passion
comfort;1230;serenity
spoken;1230;confidence
blew;1229;pain
halo;1227;hope
revolution;1227;hope
player;1226;passion
match;1225;confidence
began;1224;hope
steel;1224;
direction;1223;hope
disguise;1220;happiness passion
heels;1220;
drowning;1218;pain
trunk;1218;
christ;1217;
drinks;1217;happiness
throat;1216;pain
date;1215;love
feat;1215;
innocent;1215;hope love
mile;1214;
trapped;1212;
lemme;1210;hope
generation;1208;hope
cards;1206;
suicide;1206;pain sadness
tick;1205;
satisfied;1204;happiness
havin;1203;
screamin;1203;fear pain
undone;1203;confusion
conversation;1202;happiness
enjoy;1199;
strip;1199;passion
coke;1198;madness
stops;1198; confidence
addicted;1196;
fail;1196;pain anger sadness
private;1196;
praying;1195;serenity hope
steps;1194;
load;1192;pain
stories;1190;
garden;1189;serenity
stress;1188;confusion fear
sheets;1187;
careful;1186;passion love
ignore;1185;pain
soulja;1185;
stack;1185;pain anger
whether;1185;confusion
slave;1183;
order;1182;confidence
drip;1178;
blessed;1177;serenity happiness
killin;1176;madness pain
truly;1174;hope love
walks;1174;
chances;1172;hope love happiness
purple;1171;hope serenity
lesson;1170;
sink;1170;pain sadness
moments;1169;passion love
putting;1169;
madness;1168;sadness madness pain
enemies;1167;madness anger pain
planet;1166;
wicked;1166;pain anger
bars;1165;
dancer;1163;happiness passion
records;1163;
toes;1163;
boogie;1162;happiness
standin;1162;confidence hope
vain;1162;sadness pain confidence
relax;1159;serenity
blah;1158;
funk;1158;fear
plenty;1158;passion
bother;1157;anger
brick;1156;
aren;1154;
split;1154;pain
rainbow;1153;happiness passion
seemed;1153;confusion
jungle;1150;confusion madness
ticket;1150;
sunny;1149;happiness serenity
names;1148;passion
hall;1146;
onto;1146;
tide;1146;
buried;1145;pain sadness
forward;1145;confidence hope
curse;1143;madness anger pain sadness
pink;1143;love passion
camera;1141;confusion
attitude;1140;confidence
shoulda;1139;pain confusion
crush;1138;sadness love passion
hardly;1138;pain passion
rapper;1137;passion
stacks;1137;
electric;1136;
card;1135;
island;1133;serenity
clown;1132;sadness happiness
believed;1131;hope
shades;1131;confusion fear
victim;1130;pain fear sadness
warning;1129;confusion fear
wipe;1126;
complete;1125;happiness serenity
rage;1124;anger pain
season;1124;hope
recognize;1122;
plays;1120;passion serenity
boots;1119;
certain;1119;confidence
dropped;1118;pain fear
circles;1117;
adore;1116;happiness love hope passion
coat;1116;
mountains;1116;hope
able;1115;confidence
bills;1114;
loaded;1113;happiness
metal;1113;
ours;1112;
believing;1111;hope
zero;1111;sadness
brighter;1110;happiness
loneliness;1110;sadness pain
stones;1110;
travel;1110;serenity passion
snap;1109;pain
suit;1107;
fish;1106;confusion
worried;1103;confusion
sacrifice;1098;love pain sadness
squeeze;1098;pain
spring;1097;hope
hurting;1094;sadness pain
hills;1092;
although;1091;confusion
demons;1090;madness anger sadness fear
playa;1089;happiness serenity
pockets;1089;
press;1089;confusion
mister;1088;passion
cast;1087;
disco;1087;happiness
hatin;1087;pain anger
hopes;1086;hope
struggle;1086;confusion pain passion
strike;1083;pain anger
plain;1082;confidence
weren;1082;confusion
lust;1081;passion love
foolish;1079;madness confusion
sinking;1078;pain fear sadness
smiles;1078;happiness serenity
telephone;1076;confusion
extra;1073;happiness passion
fortune;1072;happiness serenity
universe;1072;hope passion
waking;1072;hope
raining;1068;confusion sadness
bein;1066;hope
married;1066;happiness hope love
opened;1066;hope
pistol;1066;pain fear
whose;1066;
dreamed;1065;serenity love hope
juice;1065;happiness
floating;1063;confusion
fist;1061;pain
bedroom;1060;serenity
spending;1059;passion
cure;1058;confusion passion
holiday;1057;serenity happiness
nervous;1057;pain fear confusion
witness;1057;serenity hope
fashion;1056;passion
deck;1055;
station;1055;
vibe;1055;passion serenity
claim;1054;confidence
miami;1054;happiness
shore;1053;happiness serenity hope
saving;1052;serenity happiness hope
screen;1052;
finding;1049;hope
bullets;1048;pain
darkest;1048;sadness pain confusion
refuse;1048;anger
downtown;1047;
eyed;1047;passion
main;1047;confidence
plastic;1046;
wood;1045;
staying;1044;hope
dawg;1040;hope serenity
dies;1040;pain fear sadness
except;1037;
worlds;1034;hope
ashes;1032;sadness pain
cell;1032;
painted;1032;passion
eating;1031;serenity happiness
echo;1031;
energy;1031;passion
kicks;1031;pain
fifty;1030;
leather;1030;
chose;1029;confidence
hearing;1027;confidence
cute;1024;happiness passion
laughter;1024;happiness serenity
troubles;1024;pain anger madness fear
bloody;1023;anger fear pain
north;1022;hope
resist;1022;anger passion
touching;1021;passion
blown;1020;anger
disease;1019;pain fear
cock;1018;confidence
knocking;1018;confidence
willing;1018;confidence
winner;1017;happiness
frozen;1016;pain fear
toast;1015;happiness serenity confidence
grows;1014;confidence hope
shape;1014;passion
wire;1012;hope pain
field;1010;confusion
further;1010;passion
mighty;1010;passion confidence
beer;1009;confusion pain happiness
picked;1009;confidence
lots;1008;passion
angry;1007;anger confusion
apple;1007;serenity happiness
missin;1007;confidence
prison;1007;pain
pills;1006;confusion
jackson;1005;
simply;1005;serenity
strangers;1005;fear pain
crashing;1003;pain fear confusion
mack;1003;pain sadness
pretending;1003;confusion
cheese;1002;happiness love
Confidence;1;Confidence
Passion;1;Passion
Happiness;1;Happiness
Serenity;1;Serenity
Hope;1;Hope
Madness;1;Madness
Confusion;1;Confusion
Anger;1;Anger
Pain;1;Pain
Fear;1;Fear
Sadness;1;Sadness
mad;1;madness
madness;1;madness
hurt;1;Madness
sadness;1;sadness pain
serenity;1;serenity hope
confident;1;confidence passion love
that;366341;
like;1;passion
love;1;love
sad;1;sadness
holiday;1;serenity
beach;1;serenity
sun;1;serenity
devil;1;Madness
alone;1;sadness
lonely;1;sadness
stressed;1;sadness
blues;1;sadness
angry;1;Anger
obsessed;1;pain
heaven;1;Happiness
friend;1;Happiness
evil;1;fear pain
party;1;passion
dance;1;passion
dancing;1;passion
drink;1;passion
drinking;1;passion
run;1;passion
strong;1;Confidence
powerful;1;Confidence
resilient;1;Confidence
smart;1;Confidence
dark;1;sadness
homeless;1;Sadness
shout;1;pain
cry;1;hurt
hurt;1;hurt
Brazil;1;Passion
Morocco;1;Passion
London;1;Passion
Ibiza;1;Passion
floor;1;Passion
confident;1;confidence
anymore;1;sadness
breaking;1;sadness
outside;1;sadness
matter;1;sadness
least;1;sadness
Ooh-ooh;1;sadness
sorry;1;sadness
nothing;1;sadness
healing;1;sadness
wondering;1;pain
diamond;1;Happiness
Shine bright;1;Happiness
beautiful;1;Happiness
sky;1;Happiness
ecstasy;1;Happiness
Unstoppable;1;confidence
