tag,word
hapiness,bliss
hapiness,contentment
hapiness,delight
hapiness,elation
hapiness,enjoyment
hapiness,euphoria
hapiness,exhilaration
hapiness,glee
hapiness,joy
hapiness,jubilation
hapiness,laughter
hapiness,optimism
hapiness,peace of mind
hapiness,pleasure
hapiness,prosperity
hapiness,well-being
hapiness,beatitude
hapiness,blessedness
hapiness,cheer
hapiness,cheerfulness
hapiness,content
hapiness,delectation
hapiness,delirium
hapiness,ecstasy
hapiness,enchantment
hapiness,exuberance
hapiness,felicity
hapiness,gaiety
hapiness,geniality
hapiness,gladness
hapiness,happy
hapiness,hapiness
hapiness,hilarity
hapiness,hopefulness
hapiness,joviality
hapiness,lightheartedness
hapiness,merriment
hapiness,mirth
hapiness,paradise
hapiness,playfulness
hapiness,rejoicing
hapiness,sanctity
hapiness,vivacity
hapiness,cheeriness
hapiness,eudemonia
hapiness,good cheer
hapiness,good humor
hapiness,good spirits
hapiness,seventh heaven
anger,anger
anger,enrage  
anger,provoke  
anger,outrage 
anger,annoy  
anger,offend  
anger,excite  
anger,irritate  
anger,infuriate  
anger,hassle   
anger,aggravate  
anger,incense 
anger,fret  
anger,gall  
anger,madden  
anger,exasperate  
anger,nettle  
anger,vex  
anger,affront  
anger,displease  
anger,rile  
anger,pique
fear,alarm
fear,angst
fear,anxiety
fear,apprehension
fear,awe
fear,concern
fear,despair
fear,dismay
fear,doubt
fear,dread
fear,eerie
fear,horror
fear,jitters
fear,panic
fear,scare
fear,scary
fear,suspicion
fear,terror
fear,unease
fear,uneasiness
fear,worry
fear,abhorrence
fear,agitation
fear,apprehensiveness
fear,aversion
fear,consternation
fear,cowardice
fear,creeps
fear,discomposure
fear,disquietude
fear,distress
fear,faintheartedness
fear,fearfulness
fear,fear
fear,fearful
fear,foreboding
fear,fright
fear,funk
fear,misgiving
fear,nightmare
fear,phobia
fear,presentiment
fear,qualm
fear,reverence
fear,revulsion
fear,timidity
fear,trembling
fear,trepidation
fear,bÃªte noire
fear,chickenheartedness
fear,cold feet
fear,cold sweat
fear,recreancy
sadness,sad
sadness,sadness
sadness,anguish
sadness,grief
sadness,heartache
sadness,heartbreak
sadness,hopelessness
sadness,melancholy
sadness,misery
sadness,mourning
sadness,poignancy
sadness,sorrow
sadness,blahs
sadness,bleakness
sadness,bummer
sadness,cheerlessness
sadness,dejection
sadness,despondency
sadness,disconsolateness
sadness,dispiritedness
sadness,distress
sadness,dolefulness
sadness,dolor
sadness,downer
sadness,dysphoria
sadness,forlornness
sadness,funk
sadness,gloominess
sadness, gloomy
sadness,letdown
sadness,listlessness
sadness,moodiness
sadness,mopes
sadness,mournfulness
sadness,sorrowfulness
sadness,tribulation
sadness,woe
sadness,blue devils
sadness,blue funk
sadness,broken heart
sadness,dismals
sadness,downcastness
sadness,grieving
sadness,heavy heart
sadness,the blues
sadness,the dumps
disgust,disgust
disgust,antipathy
disgust,aversion
disgust,dislike
disgust,distaste
disgust,hatred
disgust,loathing
disgust,repulsion
disgust,revulsion
disgust,abhorrence
disgust,abomination
disgust,detestation
disgust,hatefulness
disgust,nausea
disgust,objection
disgust,repugnance
disgust,revolt
disgust,satiation
disgust,satiety
disgust,sickness
disgust,surfeit
disgust,nauseation
disgust,nauseousness
surprise,surprise
surprise,amazement
surprise,astonishment
surprise,awe
surprise,bewilderment
surprise,consternation
surprise,curiosity
surprise,disappointment
surprise,jolt
surprise,miracle
surprise,revelation
surprise,shock
surprise,wonder
surprise,abruptness
surprise,attack
surprise,bombshell
surprise,disillusion
surprise,epiphany
surprise,eureka
surprise,fortune
surprise,godsend
surprise,incredulity
surprise,kick
surprise,marvel
surprise,miscalculation
surprise,phenomenon
surprise,portent
surprise,precipitance
surprise,precipitation
surprise,precipitousness
surprise,prodigy
surprise,rarity
surprise,start
surprise,stupefaction
surprise,suddenness
surprise,thunderbolt
surprise,whammy
surprise,wonderment
surprise,astoundment
surprise,curveball
surprise,eye-opener
surprise,unexpected
surprise,unforeseen
anticipation,anticipation
anticipation,apprehension
anticipation,hope
anticipation,joy
anticipation,prospect
anticipation,contemplation
anticipation,expectancy
anticipation,foresight
anticipation,foretaste
anticipation,impatience
anticipation,outlook
anticipation,preconception
anticipation,premonition
anticipation,preoccupation
anticipation,prescience
anticipation,presentiment
anticipation,promise
anticipation,trust
anticipation,awaiting
anticipation,high hopes
anticipation,looking forward
trust,trust
trust,confidence
trust,expectation
trust,faith
trust,hope
trust,assurance
trust,certainty
trust,certitude
trust,conviction
trust,credence
trust,credit
trust,dependence
trust,positiveness
trust,positive
trust,reliance
trust,stock
trust,store
trust,sureness
trust,entrustment
trust,gospel truth
arrogant,arrogant
arrogant,aloof
arrogant,bossy
arrogant,cavalier
arrogant,cocky
arrogant,haughty
arrogant,imperious
arrogant,pompous
arrogant,presumptuous
arrogant,pretentious
arrogant,smug
arrogant,vain
arrogant,assuming
arrogant,audacious
arrogant,autocratic
arrogant,biggety
arrogant,bragging
arrogant,cheeky
arrogant,cold-shoulder
arrogant,conceited
arrogant,contemptuous
arrogant,cool
arrogant,disdainful
arrogant,domineering
arrogant,egotistic
arrogant,high-and-mighty
arrogant,high-handed
arrogant,insolent
arrogant,know-it-all
arrogant,lordly
arrogant,on an ego trip
arrogant,overbearing
arrogant,peremptory
arrogant,proud
arrogant,puffed up
arrogant,scornful
arrogant,self-important
arrogant,smarty
arrogant,smarty-pants
arrogant,sniffy
arrogant,snippy
arrogant,snooty
arrogant,snotty
arrogant,stuck up
arrogant,supercilious
arrogant,superior
arrogant,swaggering
arrogant,uppity
bitter,bitter
bitter,harsh
bitter,sour
bitter,acid
bitter,astringent
bitter,tart
bitter,absinthal
bitter,absinthian
bitter,acerb
bitter,acerbic
bitter,acrid
bitter,amaroidal
bitter,unsweetened
bitter,vinegary
love,love
love,lovely
love,loveliness
love,affection
love,appreciation
love,devotion
love,emotion
love,fondness
love,friendship
love,infatuation
love,lust
love,passion
love,respect
love,tenderness
love,yearning
love,adulation
love,allegiance
love,amity
love,amorousness
love,amour
love,ardor
love,attachment
love,case
love,cherishing
love,crush
love,delight
love,devotedness
love,enchantment
love,enjoyment
love,fervor
love,fidelity
love,flame
love,hankering
love,idolatry
love,inclination
love,involvement
love,like
love,partiality
love,piety
love,rapture
love,regard
love,relish
love,sentiment
love,weakness
love,worship
love,zeal
love,ardency
love,mad for
love,soft spot
madness,mad
madness,absurdity
madness,craziness
madness,delusion
madness,foolishness
madness,hysteria
madness,lunacy
madness,mania
madness,mental illness
madness,stupidity
madness,aberration
madness,delirium
madness,derangement
madness,fanaticism
madness,irrationality
madness,neurosis
madness,phobia
madness,psychopathy
madness,psychosis
madness,unbalance
madness,mental disorder 

